Model,Average_Time,Minimum_Time,Maximum_Time,Std_Deviation,Relative_Speed
Wav2Vec2 Base,1.044938853335528,0.2874906999932136,3.786338700010674,0.9829349871508454,1.0
Faster-Whisper Base,1.3857183333311696,1.1262586000084411,2.7625220000045374,0.3879081267772023,0.75
Whisper Base,1.4166998166707345,0.7000076999829616,3.202282500016736,0.6225610421790799,0.74
