Model,Average_Memory,Minimum_Memory,Maximum_Memory,Std_Deviation,Relative_Memory
Faster-Whisper Base,0.94921875,-2.08203125,27.5,5.056458981970987,1.0
Whisper Base,1.9967447916666667,-8.671875,31.09375,8.52489467764995,2.1
Wav2Vec2 Base,50.73294270833333,-19.23828125,1046.7421875,196.5444822210768,53.45
