Model,Average_WER,Minimum_WER,Maximum_WER,Std_Deviation,Accuracy (%)
Wav2Vec2 Base,0.034059160672063896,0.0,0.25,0.06383590270193902,96.59
Whisper Base,0.056932563465482554,0.0,0.5,0.11010415515974009,94.31
Faster-Whisper Base,0.06432463898255807,0.0,0.5,0.10636382043490036,93.57
